total_return,daily_volatility,daily_sharpe,max_drawdown,calmar_ratio
0.4341778147312447,0.008584655642407546,0.05203350141866027,-0.1261214049960947,0.8625027096956861
