,total_return,daily_volatility,daily_sharpe,max_drawdown,calmar_ratio
baseline_equal_weight,0.45503789553154994,0.007970126753407155,0.15249506279043942,-0.06190191582046223,5.611142997248189
ppo_rl,0.5460535280815864,0.00919660581043873,0.15411211669091207,-0.05741054206771634,7.209809044593357
