,total_return,daily_volatility,daily_sharpe,max_drawdown,calmar_ratio
baseline_equal_weight,0.45828542645249226,0.007912787227116202,0.13080921929597042,-0.06194856223205569,4.643920152617411
markowitz_mvp,0.0837687444181181,0.008075960275899557,0.030535784924709788,-0.09930015380754287,0.5578525953668341
logistic_regression,0.4474079491276388,0.007929636804767002,0.12803349917023318,-0.06222742824240601,4.519532333442725
