total_return,daily_volatility,daily_sharpe,max_drawdown,calmar_ratio
1.1941207771782922,0.011509125199402333,0.08336270314736338,-0.1389232467556758,1.8164475285143615
