total_return,daily_volatility,daily_sharpe,max_drawdown,calmar_ratio
0.43257490268574683,0.00796051768298165,0.12380530641319185,-0.06194856223205569,4.384461013774252
