total_return,daily_volatility,daily_sharpe,max_drawdown,calmar_ratio
0.07508723499783221,0.008076417607243909,0.027822199002168157,-0.09930015380754287,0.4993557951966752
